-- phpMyAdmin SQL Dump
-- version 4.8.2
-- https://www.phpmyadmin.net/
--
-- Host: localhost
-- Generation Time: Aug 22, 2022 at 03:42 PM
-- Server version: 10.1.34-MariaDB
-- PHP Version: 7.2.7

SET SQL_MODE = "NO_AUTO_VALUE_ON_ZERO";
SET AUTOCOMMIT = 0;
START TRANSACTION;
SET time_zone = "+00:00";


/*!40101 SET @OLD_CHARACTER_SET_CLIENT=@@CHARACTER_SET_CLIENT */;
/*!40101 SET @OLD_CHARACTER_SET_RESULTS=@@CHARACTER_SET_RESULTS */;
/*!40101 SET @OLD_COLLATION_CONNECTION=@@COLLATION_CONNECTION */;
/*!40101 SET NAMES utf8mb4 */;

--
-- Database: `projectdb`
--

-- --------------------------------------------------------

--
-- Table structure for table `ad`
--

CREATE TABLE `ad` (
  `ad_title` text NOT NULL,
  `ad_detail` text NOT NULL,
  `ad_date` date NOT NULL
) ENGINE=InnoDB DEFAULT CHARSET=latin1;

--
-- Dumping data for table `ad`
--

INSERT INTO `ad` (`ad_title`, `ad_detail`, `ad_date`) VALUES
(' áˆ›áˆµá‰³á‹ˆá‰‚á‹«áˆ›áˆµá‰³á‹ˆá‰‚á‹«áˆ›áˆµá‰³á‹ˆá‰‚á‹«', ' áˆ›áˆµá‰³á‹ˆá‰‚á‹«áˆ›áˆµá‰³á‹ˆá‰‚á‹«áˆ›áˆµá‰³á‹ˆá‰‚á‹«áˆ›áˆµá‰³á‹ˆá‰‚á‹«', '0000-00-00'),
(' áˆá‰°áŠ“áŠ• áŠ¥áˆ˜áˆˆáŠ¨á‰³áˆ', ' áˆ›áˆµá‰³á‹ˆá‰‚á‹«áˆ›áˆµá‰³á‹ˆá‰‚á‹«áˆ›áˆµá‰³á‹ˆá‰‚á‹« áˆá‰°áŠ“áŠ• áŠ¥áˆ˜áˆˆáŠ¨á‰³áˆáˆá‰°áŠ“áŠ• áŠ¥áˆ˜áˆˆáŠ¨á‰³áˆ', '0000-00-00'),
(' áˆ›áˆµá‰³á‹ˆá‰‚á‹« áŠ váˆ›áˆµá‰³á‹ˆá‰‚á‹« áŠ áˆ›áˆµá‰³á‹ˆá‰‚á‹« áŠ áˆ›áˆµá‰³á‹ˆá‰‚á‹« áŠ áˆ›áˆµá‰³á‹ˆá‰‚á‹« áŠ áˆ›áˆµá‰³á‹ˆá‰‚á‹« áŠ áˆ›áˆµá‰³á‹ˆá‰‚á‹« áŠ áˆ›áˆµá‰³á‹ˆá‰‚á‹« áŠ ', ' áˆ›áˆµá‰³á‹ˆá‰‚á‹« áŠ áˆ›áˆµá‰³á‹ˆá‰‚á‹« áŠ áˆ›áˆµá‰³á‹ˆá‰‚á‹« áŠ áˆ›áˆµá‰³á‹ˆá‰‚á‹« áŠ ', '0000-00-00');

-- --------------------------------------------------------

--
-- Table structure for table `choices`
--

CREATE TABLE `choices` (
  `id` int(11) NOT NULL,
  `question_number` int(11) NOT NULL,
  `is_correct` tinyint(1) NOT NULL DEFAULT '0',
  `text` text NOT NULL
) ENGINE=InnoDB DEFAULT CHARSET=utf8;

--
-- Dumping data for table `choices`
--

INSERT INTO `choices` (`id`, `question_number`, `is_correct`, `text`) VALUES
(29, 1, 0, ' áˆ€. áŠ á‹¨áˆ­ áˆ›áŒ£áˆªá‹«	'),
(30, 1, 0, ' áˆˆ. áŠ«áˆ­á‰¡áˆ¬á‰°áˆ­    '),
(31, 1, 1, ' áˆ. á‹¨áŠá‹³áŒ… á–áˆáŠ˜'),
(32, 1, 0, ' áˆ˜. áˆµáˆá‰£á‰µá‹®'),
(33, 2, 1, ' áˆ€. áŠá‹³áŒ… áŒ‹áŠ• (áˆµáˆá‰£á‰µá‹®)   '),
(34, 2, 0, ' áˆˆ. áˆ›áŒ£áˆªá‹«   '),
(35, 2, 0, ' áˆ.  áŠ«áˆ­á‰¡áˆ¬á‰°áˆ­    '),
(36, 2, 0, ' áˆ˜. áˆ›á‰€á‹á‰€á‹£'),
(37, 3, 0, ' áˆ€. á‰ á‰¦á‰¢áŠ“    			\r\n	 	\r\n'),
(38, 3, 1, ' áˆˆ. á‰ áŠ«áˆ­á‰¡áˆ¬á‰°áˆ­    	'),
(39, 3, 0, ' áˆ. á‰ áˆžá‰°áˆªáŠ–     '),
(40, 3, 0, ' áˆ˜. á‰ áˆ›á‰€á‹á‰€á‹£ áŠ­ááˆ'),
(41, 4, 0, ' áˆ€. á‰¼áˆ¬áˆ‹   '),
(42, 4, 1, ' áˆˆ. á‹´á‰¥áˆ«á‰°áˆ­ (áŠ á‹¨áˆ­ áˆ›áŒ£áˆªá‹«) '),
(43, 4, 0, '  áˆ. áˆ³áˆá‰£á‰µá‹®  '),
(44, 4, 0, '   áˆ˜. áŠ«áˆ­á‰¡áˆŒá‰°áˆ­'),
(45, 5, 1, ' áˆ€.  á‹°áˆ¨á‰… áŠ á‹¨áˆ­ áˆ›áŒ£áˆªá‹«á£   '),
(46, 5, 0, ' áˆˆ. áŠ¥áˆ­áŒ¥á‰¥ á‹¨áŠ á‹¨áˆ­ áˆ›áŒ£áˆªá‹«á£	'),
(47, 5, 0, '     áˆ. áˆ€ áŠ¥áŠ“ áˆˆ'),
(48, 5, 0, '   áˆ˜. á‹¨áŠ á‹á‰¶áˆ›á‰²áŠ­ á‰¾áŠ­á£	 ');

-- --------------------------------------------------------

--
-- Table structure for table `contact`
--

CREATE TABLE `contact` (
  `email` varchar(50) NOT NULL,
  `name` varchar(50) NOT NULL,
  `message` text NOT NULL
) ENGINE=InnoDB DEFAULT CHARSET=utf8;

--
-- Dumping data for table `contact`
--

INSERT INTO `contact` (`email`, `name`, `message`) VALUES
('redaitth@gmail.com', 'redait', '  $username = $_POST[\"username\"];'),
('ered@gmail.com', 'red', ' áˆáŠ¥áˆ«á 3 áŒ¥áˆ© áŠá‹  áˆáŠ¥áˆ«á 3 áŒ¥áˆ© áŠá‹  áˆáŠ¥áˆ«á 3 áŒ¥áˆ© áŠá‹  áˆáŠ¥áˆ«á 3 áŒ¥áˆ© áŠá‹  áˆáŠ¥áˆ«á 3 áŒ¥áˆ© áŠá‹\r\n'),
('birhanu@gmail.com', 'birhanu', ' goood good  godd ');

-- --------------------------------------------------------

--
-- Table structure for table `content`
--

CREATE TABLE `content` (
  `cid` int(11) NOT NULL,
  `title` text NOT NULL,
  `content` text NOT NULL
) ENGINE=InnoDB DEFAULT CHARSET=latin1;

--
-- Dumping data for table `content`
--

INSERT INTO `content` (`cid`, `title`, `content`) VALUES
(1, '  á‹¨áˆ›áˆ½áŠ¨áˆ­áŠ¨áˆ­ áˆµáŠ-á‰£áˆ…áˆª', ' á‹¨áˆ›áˆ½áŠ¨áˆ­áŠ¨áˆ­ áˆµáŠ-á‰£áˆ…áˆª\r\náˆµáŠ-á‰£áˆ…áˆªá¡-á‰£áˆ…áˆªáŠ•áŠ“ á‹¨áŠ á‹•áˆáˆ® áŠ áˆµá‰°áˆ³áˆ°á‰¥ áˆ‚á‹¯á‰µ áˆ³á‹­áŠ•áˆ³á‹Š á‰ áˆ†áŠ áˆ˜áŠ•áŒˆá‹´ á‹¨áˆšá‹«áŒ áŠ“ á‹±áˆµá•áˆ‰áŠ• áŠá‹á¡á¡ áŠ¨áŠá‹šáˆ… á‹¨áˆµáŠ- á‰£áˆ…áˆª á‰µáˆ­áŒ“áˆœá‹Žá‰½ á‹¨áˆáŠ•áˆ¨á‹²á‹ áˆáˆ‡á‰µ áŠáŒˆáˆ®á‰½áŠ• áŠá‹á¡á¡\r\ná‹¨áˆ˜áŒ€áˆ˜áˆªá‹«á‹ áˆµáŠ- á‰£áˆ…áˆªá‹­ á‹¨áˆšá‹«áŒ áŠ“á‹ áˆµáˆ‡ á‰£áˆ…áˆªáŠ“ á‹¨áŠ áˆµá‰°áˆ³áˆ°á‰¥ áˆ‚á‹¯á‰µ áˆ˜áˆ†áŠ‘áŠ• áˆ²áˆ†áŠ• áˆáˆ‡á‰°áŠ›á‹ á‹¯áŒáˆž\r\ná‰£áˆ…áˆªá¡- á‹¨áŠ áˆ°á‰°áˆ³áˆ°á‰¥á£ áŠ áˆ˜áˆ‡áŠ«áŠ«á‰µá£ á‹•á‹á‰€á‰µá£ á‰½áˆá‰³á£ áˆµáˆœá‰µá£ á‰°áŠáˆ³áˆ½áŠá‰µ áŠ¥áŠ“ áˆ›áŠ•áŠ›á‹áˆ á‹´áˆ­áŒŠá‰µ áˆ›áˆ‡á‰³á‰½áŠ• áŠá‹á¡á¡\r\ná‹¨áˆ›áˆ½áŠ¨áˆ­áŠ¨áˆ­ áˆµáŠ á‰£áˆ…áˆªá¡- áŠ áˆ½áŠ¨áˆ­áŠ«áˆªá‹Žá‰½ á‰ áˆšá‹«áˆ½áŠ¨áˆ¨áŠ­áˆ©á‰ á‰µ á‹ˆá‰…á‰µ á‹¨áˆšá‹«áˆ³á‹©á‰µáŠ• á‰£áˆ…áˆª á‹¨áˆšá‹«áŒ áŠ“ á‹¨áˆµáŠ-á‰£áˆ…áˆª á‹˜áˆ­á áŠá‹á¡á¡á‹¨áˆ›áˆ½áŠ¨áˆ­áŠ¨áˆ­ á‹¨áˆµáŠ- á‰£áˆ…áˆª á‹‹áŠ“ áŠ áˆŠáˆ› á‰ áŠ áˆ½áŠ¨áˆ­áŠ«áˆª á‹¨áˆšá‹¯áˆ­áˆµ áŠ á‹¯áŒ‹áŠ• áˆ˜á‰€áŠáˆµ áŠá‹á¡á¡ á‹­áˆ…áˆ á‰ á‹‹áŠ“áŠá‰µ áˆ‰áŠ¨áŠ“á‹ˆáŠ• á‹¨áˆšá‰½áˆ‡á‹ á‹¨áŠ áˆ½áŠ¨áˆ­áŠ«áˆªá‹Žá‰½áŠ• á‰£áˆ…áˆª á‰ áˆ›áˆµá‰°áŠ«áŠ¨áˆŒ áŠá‹á¡á¡\r\ná‹¨áˆ›áˆ½áŠ¨áˆ­áŠ¨áˆ­ á‰£áˆ…áˆªá‹«á‰µ á‹˜áˆ­áŽá‰½á¡- á‹¨áˆ›áˆ½áŠ¨áˆ­áŠ¨áˆ­ á‰£áˆ…áˆª á‰ áˆ¶áˆµá‰µ á‹˜áˆ­áŽá‰½ á‹­áŠ¨áˆáˆŠáˆˆá¡á¡ áŠ¥áŠáˆ±áˆ á‹¨áˆµáˆœá‰µ á‰£áˆ…áˆªá‹­á£ á‹¨áˆ˜áŒˆáŠ•á‹˜á‰¥ á‹ˆá‹­áˆ áŠ á‹•áˆáˆ®áŠ á‹Š á‰£áˆ…áˆªáŠ“ á‹¨áŠ­áˆ…áˆá‰µ á‰£áˆ…áˆªá‹­ á‹­á‰£áˆŠáˆˆá¡á¡\r\ná‹¨áˆµáˆœá‰µ á‰£áˆ…áˆªá¡- ááˆŠáŒŽá‰µáŠ•á£ áŠ áˆ˜áˆ‡áŠ«áŠ¨á‰µáŠ•á£ áŠ¥áˆ´á‰µáŠ• áˆ˜áŠáˆ³áˆ³á‰µáŠ“ áˆ›áŠ•áŠ›á‹áŠ• áˆµáˆœá‰µ á‹«áŒ á‰ƒáˆŒáˆŠáˆŒá¡á¡áˆ‡áˆáˆ³áˆ‹ áˆ¨á‹´ááŠ• áŠ¨áˆ˜á‰€á‹¨áˆ­ á‰ áŠá‰µ áˆáˆŒáŠ­á‰µ áˆ›áˆ³á‹¨á‰µ á‰ áˆµáˆœá‰³á‹Š á‹¨áˆ›áˆ½áŠ¨áˆ­áŠ¨áˆ­ á‰£áˆ…áˆªá‹­ áŒˆáŒ½ á‹áˆµáŒ¥ á‹«áˆ‡ áŠá‹á¡á¡á‹­áˆ…áˆ áˆ›áˆ‡á‰µ áŠ áˆ½áŠ¨áˆ­áŠ«áˆªá‹ á‹¨áˆ›áˆ½áŠ¨áˆ­áŠ«áˆ­ áˆµáˆ…á‰°á‰µ áˆ‡áˆ›áˆµá‹ˆáŒˆá‹´ á‰°áŠáˆ³áˆ½áŠá‰±áŠ• á‹«áˆ³á‹«áˆŒá¡á¡á‹­áˆ… á‰°áŠáˆ³áˆ½áŠá‰µ áŠ¨áˆ‹áˆ‡ áŒáŠ• áˆµáˆ…á‰°á‰¶á‰½ á‹­áˆáŒ áˆ«áˆˆá£ áŠ áˆ½áŠ¨áˆ­áŠ«áˆªá‹áˆ áˆáˆŒáŠ­á‰µ áŠ á‹«áˆ³á‹­áˆá¡á¡\r\ná‹¨áˆ˜áŒˆáŠ•á‹˜á‰¥ á‰£áˆ…áˆª:- áˆ˜áˆ¨á‹²á‰µáŠ•á£ áˆ›áˆ°á‰¥áŠ•á£ áˆáŠ­áŠ•á‹«á‰µ áˆ˜áˆµáŒ á‰µáŠ•áŠ“ áŠ¥áŠ•á‹±áˆáˆ áˆ›áŠ“á‰¸á‹áŠ•áˆ á‹áˆ³áŠ” áˆ˜áˆµáŒ á‰µáŠ•áŠ“ á‹¨áˆ°á‹Žá‰½áŠ• á‹´áˆ­áŒŠá‰µ áˆ›áŒ¤áŠ•áŠ• á‹«áŠ«á‰µá‰³áˆŒá¡á¡ áˆ‡áˆáˆ³áˆ‹ áˆ¨á‹´ááŠ• áŠ¨áˆ˜á‰€á‹¨áˆ­ á‰ áŠá‰µ áˆáˆŒáŠ­á‰µ áˆ›áˆ³á‹¨á‰µ á‰ áˆµáˆœá‰³á‹Š á‰£áˆ…áˆªá‹­ áŒˆáŒ½ á‹áˆµáŒ¥ á‰¥á‰» á‹¨áˆšáŒˆáˆ‡áŒ½ áŠ á‹­á‹¯áˆ‡áˆ á‰ áˆ›áŒˆáŠ“á‹˜á‰¥ áˆáŠ”á‰³ á‹áˆµáŒ¥ á‹­áŒˆáŠ›áˆŒá¡á¡ á‹­áˆ…áˆ áˆ²á‰£áˆŒ á‰ á‰°áˆ‡áˆá‹¶á‹Š áˆµáˆ‹á‰µ áˆ˜áˆ¨áŒƒáŠ• á‹«áŒ áŠ“á‰…áˆ«áˆŒá¡á¡ á‰ áˆáˆŒ áŒá‹œ á‹¨áˆ›áˆ½áŠ¨áˆ­áŠ¨áˆ­ á‰°áŒá‰£áˆ­ á‰µáŠ­áŠ­áˆ‡áŠ› á‹áˆ³áŠ” áˆ›á‹´áˆ¨áŒáŠ• áˆ˜áˆ›áˆ­ áŠ áˆµáˆáˆŠáŒŠ á‹¨áˆšáˆ†áŠá‹ á‰ áˆ›áŒˆáŠ“á‹˜á‰¥ á‹¨áˆ›áˆ½áŠ¨áˆ­áŠ¨áˆ­ áŠ­áˆ…áˆá‰µ áŠá‹á¡á¡ á‰ á‹¨áŒŠá‹œá‹ á‰ áˆ›áŒˆáŠ“á‹˜á‰¥ áŠ áˆ‡áˆ›áˆ½áŠ¨áˆ­áŠ¨áˆ­ áˆµáˆ…á‰°á‰µ á‹¨áˆšáŠ¨áˆ°á‰°á‹ á‰°á‰€á‰£á‹­áŠá‰µ á‹¨áˆ‹áˆ‡á‹ á‹¨á‰µáŠ•á‰°áŠ“ á‰…á‹¯áˆ á‰°áŠ¨á‰°áˆŒ á‹ˆá‹¯ áˆµáˆ…á‰°á‰µ á‹¨áˆ†áŠ á‹áˆ³áŠ” áˆ²á‹«áˆ˜áˆ« áŠá‹á¡á¡ á‹¨áŠ­áˆ…áˆá‰µ á‰£áˆ…áˆªá¡- á‰ áŠ á‹•áˆáˆ® áŠ á‹›á‹¥áŠá‰µáŠ“ á‰ áŠ áŠ«áˆŒ áŠ¥áŠ•á‰…áˆµá‰ƒáˆ´ á‹¨áˆšáˆáŒ¸áˆ™ áˆ›áŠ“á‰¸á‹áŠ•áˆ á‹¨áŠ­áˆ…áˆá‰µ á‰£áˆ…áˆªá‹«á‰µ á‹«áŠ«á‰°á‰° áŠá‹á¡á¡ áŠ¥áŠáŠáˆ… á‰£áˆ…áˆªá‹«á‰µ á‹¨áŠ á‹•áˆáˆ®áŠ“ á‹¨áŠ áŠ«áˆŒ áŠ¥áŠ•á‰…áˆµá‰ƒáˆ´ á‰…áŠ•áŒ…á‰µáŠ• á‹¨áˆšáŒ á‹­á‰ áŠ“á‰¸á‹á¡á¡\r\ná‹¨áˆ›áˆ½áŠ¨áˆ­áŠ¨áˆ­ áˆµáŠ-á‰£áˆ…áˆªá‹«á‹Š áŒ‰á‹²á‹®á‰½á¡- á‹¨áˆšá‰£áˆˆá‰µ á‹áŒáŒáŠá‰µá£áˆ˜áŠá‰ƒá‰ƒá‰µáŠ“áˆ˜áˆ¨áŒƒáŠ• á‹¨áˆ˜áˆ°á‰¥áˆ°á‰¥áŠ“ á‹¨áˆ˜á‰°áˆ­áŒáˆ áˆ‚á‹¯á‰µ áŠ“á‰¸á‹á¡á¡\r\ná‹áŒáŒáŠá‰µá¡- á‹¨á‰¥áˆµáˆ‡á‰µá£ á‹¨á‰½áˆá‰³á£ á‹¨á‰µáˆáˆ…áˆ­á‰µáŠ“ á‹¨áˆ˜áŠáˆ³áˆ³á‰µ á‹¨áŒ‹áˆ« á‹áŒ¤á‰µ áŠá‹á¡á¡ á‹¨á‹áŒáŒáŠá‰µ áˆ˜áŒáˆ‡áŒ« á‹¨áˆ†áŠ‘á‰µáŠ“ áŠ¨áˆ›áˆ½áŠ¨áˆ­áŠ¨áˆ­ á‰ áŠá‰µ áˆ‰áŒ¤áŠ‘ á‹¨áˆšáŒˆá‰£á‰¸á‹ áŒ‰á‹²á‹®á‰½ áŠ¥áŠ•á‹¯áˆšáŠ¨á‰°áˆ‡á‹ á‹­áŒˆáˆ‡áŒ»áˆˆá¡á¡\r\nï‚· áˆ‡áˆ›áˆ½áŠ¨áˆ­áŠ¨áˆ­ áŒ¤áŠáŠ› áˆ˜áˆ†áŠ•áˆ…áŠ• áŠ áˆ¨áŒ‹áŒáŒ¥á¡á¡ á‹¨áˆ…áˆ˜áˆ áˆµáˆœá‰µ á‹¨áˆšáˆ°áˆ›áˆ… áŠ¨áˆ†áŠ áŠ á‹¯áŒ‹áŠ• á‰°áŠ¨áˆŠáŠ­áˆ áˆ‡áˆ›áˆ½áŠ¨áˆ­áŠ¨áˆ­ á‰¥á‰ áˆŠá‰µáˆ†áŠ• á‰µá‰½áˆŠáˆ‡áˆ…á¡á¡ áˆáŠ­áŠ•á‹«á‰±áˆ áˆ…áˆ˜áˆ á‹¨áˆ›áˆµá‰°á‹‹áˆŒá£ á‹¨áˆ˜á‹ˆáˆ°áŠ• á‰½áˆá‰³áŠ•áŠ“ áŠ áŠ«áˆŠá‹Š á‰…áˆŒáŒ¥ááŠ“áŠ• áˆ‰á‰€áŠ•áˆµ á‹­á‰½áˆŠáˆŒá¡á¡\r\nï‚· áˆ˜áˆá‰°áˆ¸ á‹«áˆ‡á‰¥áˆ…áŠ• áŠáŒˆáˆ­ áˆ˜áˆá‰°áˆ½áŠ“ áˆ›áˆµá‰°áŠ«áŠ¨áˆŒ á‹¨áˆšáŒˆá‰£á‹áŠ•áˆ áŠáŒˆáˆ­ áˆ›áˆµá‰°áŠ«áŠ¨áˆŒ á‹¨á‹áŒáŒáŠá‰µ áˆ˜áŒˆáˆ‡áŒ« áŠá‹á¡á¡\r\nï‚· á‹¨áˆ˜áŠ•áŒˆá‹´á£ á‹¨áŠ á‹¨áˆ­áŠ“ á‹¨á‰µáˆ«áŠáŠ­ áˆáŠ”á‰³ á‰ áŠ áŠá‹²á‹´ á‹ˆá‹­áˆ á‰ áˆ›áˆ½áŠ¨áˆ­áŠ¨áˆ­ áˆŠá‹­ áˆ‰áˆáŒ¥áˆ­ á‹¨áˆšá‰½áˆ‡á‹áŠ• á‰½áŒáˆ­ áˆ˜áŒˆáˆ˜á‰µ áˆ‹áˆŠá‹ á‹¨á‹áŒáŒáŠá‰µ áˆ˜áŒˆáˆ‡áŒ« áŠá‹á¡á¡\r\náˆ˜áŠá‰ƒá‰ƒá‰µá¡- á‰ áˆ°á‹Žá‰½ á‹áˆµáŒ¥ á‹«áˆ‡ áˆáŠ”á‰³ áˆ†áŠ– á‰£áˆ…áˆªáŠ• á‹ˆá‹¯ áŒá‰¥ á‹¨áˆšá‹«áŠ•á‰€áˆ³á‰…áˆµ áˆ‚á‹¯á‰µ áŠá‹á¡á¡ áˆ˜áŠá‰ƒá‰ƒá‰µ á‰£áˆ…áˆªáŠ• áˆ‡áˆ˜áˆáˆ«á‰µáŠ“ á‰°áŒ áŠ“áŠ­áˆ® áŠ¥áŠ•á‹±á‰€áŒ¥áˆŒ á‹«áˆµá‰½áˆŠáˆŒá¡á¡ áˆ‡áˆµáˆ« á‹áŒ¤á‰µ áˆ˜áŠáˆ³áˆ³á‰µ áŠ¨áá‰°áŠ› ááˆŠáŒá‰µ á‹«áˆ‡á‹ áˆ°á‹ á‹¨áˆšáŒˆáŒ¥áˆ™á‰µáŠ• á‰½áŒáˆ®á‰½ áŠ¥áŠ•á‹¯ áˆá‰°áŠ“ á‰ áˆ˜á‰áŒ áˆ­ áˆ‡á‹áŒ¤á‰± á‹¨á‰ áˆ‡áŒ  á‹­áˆ°áˆ«áˆŒá¡á¡\r\náˆ˜áˆ¨áŒƒáŠ• á‹¨áˆ˜áˆ°á‰¥áˆ°á‰¥áŠ“ á‹¨áˆ˜á‰°áˆ­áŒáˆ áˆ‚á‹¯á‰µá¡- á‰ á‹šáˆ… áˆ€áˆ³á‰¥ áˆ›á‹•á‰€á á‹áˆµáŒ¥ áˆ˜áˆµáˆ›á‰µá£ á‰µáŠ©áˆ¨á‰µáŠ“ áˆ›áˆµá‰°á‹‹áˆŒ á‹¨áˆšáŠ«á‰°á‰± áŠ“á‰¸á‹á¡á¡\r\náˆ˜áˆµáˆ›á‰µ (Sensetion)á¡- áŠ¨áˆµáˆœá‰µ áˆ…á‹‹áˆ¶á‰»á‰½áŠ• á‹áˆµáŒ¥ áŠ á‹­áŠ• áŠ áŠ«á‰£á‰¢áŠ• áˆ‡áˆ›á‹ˆá‰… áŠ¨áá‰°áŠ› áˆšáŠ“ á‹¨áˆšáŒ«á‹ˆá‰µ á‹¨áˆµáˆœá‰µ áˆ…á‹‹áˆµ áŠá‹á¡á¡ á‰ á‰¥á‹™ áŒ¥áŠ“á‰¶á‰½ áŠ¥áŠ•á‹¯á‰°áˆ¨áŒ‹áŒˆáŒ á‹ á‰ áŠ á‰¥á‹›áŠ›á‹ áŠ¨80 áŠ¥áˆµáŠ¨ 90 á‰ áˆ˜á‰¶áŠ› áŠ áŠ«á‰£á‰¢áŠ• áˆ‡áˆ›á‹ˆá‰…áŠ“ áˆµáˆ‡áŠ áŠ«á‰£á‰¢ áˆ˜áˆ¨áŒƒ áˆ‡áˆ˜áˆ°á‰¥áˆ°á‰¥ á‹¨áˆšá‹«áˆµá‰½áˆ‡á‹ á‰ áˆ›á‹¨á‰µ áŠá‹á¡á¡ áˆµáˆ‡áˆ†áŠáˆ áˆ‡áˆ›áˆ½áŠ¨áˆ­áŠ¨áˆ­ á‹¨á‹“á‹­áŠ–á‰»á‰½áŠ• áŒ¤áŠ“áˆ› áˆ˜áˆ†áŠ• áŠ áˆµáˆáˆŠáŒŠáŠá‰± áŒ¥á‹«á‰„ á‹áˆµáŒ¥ á‹¨áˆšáŒˆá‰£ áŒ‰á‹³á‹­ áŠ á‹­á‹°áˆ‡áˆá¡á¡ áŒ†áˆ® áŠ áŠ«á‰£á‰¢áŠ• áˆ‡áˆ›á‹ˆá‰… áŠ¨áŠ á‹­áŠ“á‰½áŠ• á‰ áˆ˜á‰€áŒ áˆŒ á‰°áŒˆá‰¢ áˆšáŠ“ á‹¨áˆšáŒ«á‹ˆá‰µ á‹¨áˆµáˆœá‰µ áˆ…á‹‹áˆµ áŠá‹á¡á¡ á‰ á‰µáˆ«áŠáŠ­ ááˆ°á‰µ á‹áˆµáŒ¥ á‹«áˆ‡á‹áŠ• áŠ¥áŠ•á‰…áˆµá‰ƒáˆ´ á‰ á‰°áŒˆá‰¢á‹ áˆáŠ”á‰³ áˆ‡áˆ˜áŠ¨á‰³á‰°áˆŒ á‹µáˆáŒ½áŠ• á‰ áŠ áŒá‰£á‰¡ á‹¨áˆ˜áˆµáˆ›á‰µ á‰¥á‰ƒá‰µ áŠ áŠ•á‹µ áŠ áˆ½áŠ¨áˆ­áŠ«áˆª áˆ‰áŠ–áˆ¨á‹ á‹¨áˆšáŒˆá‰£ áŠ áŠ«áˆŠá‹Š áˆáŠ”á‰³ áŠá‹á¡á¡ áˆ‡á‹šáˆ…áˆ á‹¨áŒ†áˆ® áŒ¤áŠ“áˆ› áˆ˜áˆ†áŠ• á‰ áŒ…áŒ‰ áŠ áˆµáˆáˆŠáŒŠ áŠá‹á¡á¡\r\ná‰µáŠ©áˆ¨á‰µ /Attention/á¡- á‰µáŠ©áˆ¨á‰µ á‰ áˆµáˆœá‰µ á‰ áˆ…á‹‹áˆ³á‰¶á‰»á‰½áŠ• áŠ áˆ›áŠ«áŠáŠá‰µ áŠ¨áˆšá‹°áˆ­áˆ±áŠ• áˆ˜áˆ¨áŒƒá‹Žá‰½ áˆ˜áŠ«áŠ¨áˆŒ á‹‹áŠ“á‹áŠ•áŠ“ á‰°áˆáˆŠáŒŠá‹áŠ• á‹¨áˆ˜áˆáˆ¨áŒ¥ áˆ‚á‹°á‰µ áŠá‹á¡á¡ á‰ áˆ˜áˆ†áŠ‘áˆ áŠ áˆ½áŠ¨áˆ­áŠ«áˆªá‹Žá‰½ áˆ‡áˆ›áˆ½áŠ¨áˆ­áŠ¨áˆ­ á‹¨áˆšáˆ¨á‹³á‰¸á‹ áˆ˜áˆ¨áŒƒ áˆŠá‹­ á‰µáŠ©áˆ¨á‰µ áˆ›á‹µáˆ¨áŒáŠ• áˆ‰á‹«á‹³á‰¥áˆ©á‰µ á‹¨áˆšáŒˆá‰£ áŒ‰á‹³á‹­ áˆ˜áˆ†áŠ‘áŠ• áˆ›á‹ˆá‰… á‹­áŒˆá‰£áˆŒá¡á¡\r\náˆ›áˆµá‰°á‹‹áˆŒ /Perception/á¡- á‰ áˆµáˆœá‰µ áˆ…á‹‹áˆ³á‰¶á‰»á‰½áŠ• áŠ áˆ›áŠ«áŠáŠá‰µ á‹¨áˆ˜áŒ£áŠ• áˆ˜áˆ¨áŒƒ á‹¨áˆ›á‰€áŠ“á‰ áˆ­á£ á‰µáˆ­áŒ‰áˆ á‹¨áˆ˜áˆµáŒ á‰µ áˆ‚á‹°á‰µáŠ“ á‹áˆ³áŠ” áˆŠá‹­ áˆ˜á‹µáˆ¨áˆµáŠ• á‹«áŠ«á‰µá‰³áˆŒá¡á¡ áŠ áˆ½áŠ¨áˆ­áŠ«áˆªá‹Žá‰½ á‰ áˆšá‹«áˆ½áŠ¨áˆ¨áŠ­áˆ©á‰ á‰µ á‹ˆá‰…á‰µ áŠ áˆáˆ®áŠ á‰¸á‹ á‰ áˆ˜áˆµáˆ«á‰µ áˆŠá‹­ áŠ¥áŠ•á‹³áˆ‡ áŠ®áˆá’á‹á‰°áˆ­ áŠá‹ áˆ›áˆ‡á‰µ á‹­á‰»áˆŠáˆŒá¡á¡ áˆµáˆ‡áˆ†áŠáˆ áŠ áˆáˆ®áŠ á‰¸á‹ áˆ˜áˆ¨áŒƒ á‹¨áˆšáˆ°á‰ áˆµá‰¥áˆŠá‰¸á‹áŠ“ áŠ¨á‹šá‹«áˆ á‰ áˆ˜áŠáˆ³á‰µ á‹«áˆŠá‰¸á‹áŠ• áŠ¥á‹á‰€á‰µáŠ“ áˆŒáˆá‹µ áŠ á‰€áŠ“áŒ…á‰¶ áˆµáˆ‡áˆšá‹ˆáˆµá‹±á‰µ áŠ¥áˆ­áˆáŒƒ á‹áˆ³áŠ” á‹¨áˆšáˆ°áŒ£á‰¸á‹ á‹¨áˆ°á‹áŠá‰µ áŠ­ááˆŠá‰¸á‹ á‰ áˆ˜áˆ†áŠ‘ á‹­áˆ… á‹áˆ³áŠ” á‹áŒ¤á‰³áˆ› áŠ¥áŠ•á‹²áˆ†áŠ• áˆ™áˆˆ á‰µáŠ©áˆ¨á‰µáŠ• á‹ˆá‹° áˆ›áˆ½áŠ¨áˆ­áŠ¨áˆ­ á‰°áŒá‰£áˆ­ á‰¥á‰» áˆ›á‹µáˆ¨áŒ áŠ áˆµáˆáˆŠáŒŠáŠá‰± áŠ áŒ á‹«á‹«á‰‚ áŠ á‹­á‹°áˆ‡áˆá¡á¡ áˆ€áˆ£á‰¥áŠ• áˆ˜áˆ°á‰¥áˆ°á‰¥ á‹¨áˆ›áˆ½áŠ¨áˆ­áŠ¨áˆ­ á‰µáˆŒá‰áŠ“ á‹‹áŠ•áŠ›á‹ á‹¨áŒ¥áŠ•á‰ƒá‰„ áˆ˜áŒ€áˆ˜áˆªá‹« áŠá‹á¡á¡\r\ná‹¨áˆ˜áˆŒáŠ«áˆ áŠ áˆ½áŠ¨áˆ­áŠ«áˆª á‰£áˆ…áˆªá‹«á‰µáŠ• áˆ‡áˆ›á‹²á‰ áˆ­ á‹¨áˆšáŒ á‰…áˆ™ áŠ áŠ«áˆŠá‹Š áŠ¥áŠ“ áˆµáŠ- áˆŒá‰¦áŠ“á‹Š áŠ¥á‹áŠá‰³á‹Žá‰½ á¡-á‹¨áˆ˜áŠ•áŒˆá‹´ áˆŠá‹­ á‰µáˆ…á‰µáŠ“ áˆ˜áˆŠá‰ áˆµá£ áŠ¨áˆ‹áˆá‰½ áŠ áŠ«áˆŠá‰µ á‹¨áˆ˜áŠ•áŒˆá‹´á‰°áŒ á‰ƒáˆšá‹Žá‰½ áŒ‹áˆ­ á‹¨áˆšáˆáŒ áˆ­áŠ• áŒáŒ­á‰µ áˆ˜áŠ¨áˆŠáŠ¨áˆŒ áŠ¥áŠ“ áˆ˜á‰†áŒ£áŒ áˆ­á£ áŒ¤áŠ“áˆ› á‹¨áŠ¥áˆ­áˆµ á‰ á‹•áˆ­áˆ¥ áŒáŠ•áŠ™áŠá‰µ áˆ˜áŒˆáˆ‡áŒ« á‰£áˆ…áˆªá‹«á‰µá£ á‹¨áŠ áˆ½áŠ¨áˆ­áŠ¨áˆ­ áˆµáŠ-áˆáŒá‰£áˆ­ /áˆ˜áˆ˜áˆªá‹«/ á‰ á‰°áŒá‰£áˆ­ áˆ˜á‰°áˆ­áŒŽáˆ á‰ á‹šáˆ… áŠ­ááˆŒ á‹¨áˆšáŠ«á‰°á‰± áŠ“á‰¸á‹\r\ná‹¨áˆ˜áŠ•áŒˆá‹´ áˆŠá‹­ á‰µáˆ…á‰µáŠ“ áˆ˜áˆŠá‰ áˆµ\r\ná‹¨áˆ˜áŠ•áŒˆá‹´ áˆŠá‹­ á‰µáˆ…á‰µáŠ“ áˆ˜áˆŠá‰ áˆµ áˆ›áˆ‡á‰µ áˆáˆˆáˆ á‹¨áˆ˜áŠ•áŒˆá‹´ áˆŠá‹­ áŠ¥áŠ•á‰…áˆµá‰ƒáˆ´á‹Žá‰½ á‰€áŠ“ áŠ¥áŠ•á‹±áˆ†áŠ‘ áˆ›áŒˆá‹ áŠá‹ áˆ‰á‰£áˆŒ á‹­á‰½áˆŠáˆŒá¡á¡ á‹­áˆ…áˆ á‹¨áŠ áˆ½áŠ¨áˆ­áŠ«áˆªá‹Žá‰½áŠ“ áˆ‹áˆá‰½ á‹¨áˆ˜áŠ•áŒˆá‹´ á‰°áŒ á‰ƒáˆšá‹Žá‰½ áŒáŠ•áŠ™áŠá‰µ áˆ²á‹²á‰¥áˆ­áŠ“ á‰…á‹´áˆšá‹« áˆ˜áˆ°áŒ£áŒ á‰µ áˆ²áŒŽáˆ‡á‰¥á‰µá¡á¡\r\náŠ¨áˆ‹áˆá‰½ áŠ áŠ«áˆŠá‰µ á‹¨áˆ˜áŠ•áŒˆá‹µ á‰°áŒ á‰ƒáˆšá‹Žá‰½ áŒ‹áˆ­ á‹¨áˆšáˆáŒ áˆ­áŠ• áŒáŒ­á‰µ áˆ˜áŠ¨áˆŠáŠ¨áˆŒ áŠ¥áŠ“ áˆ˜á‰†áŒ£áŒ áˆ­\r\náŒáŒ­á‰µáŠ• áˆ‡áˆ˜áŠ¨áˆŠáŠ¨áˆŒáŠ“ áˆ‡áˆ˜á‰†áŒ£áŒ áˆ­ á‹¨áˆšá‰»áˆ‡á‹ áŠ áˆ½áŠ¨áˆ­áŠ«áˆªáŠ“ áˆ‹áˆá‰½ á‹¨áˆ˜áŠ•áŒˆá‹´ á‰°áŒ á‰ƒáˆšá‹Žá‰½ áˆ‡áˆ˜áŠ•áŒˆá‹´ áˆ…áŒáŒ‹á‰µ á‰°áŒˆá‹¢ áˆ²áˆ†áŠ‘ áŠá‹‰á¡á¡ áŠáŒˆáˆ­ áŒáŠ• á‹¨áˆšáˆáŒ áˆ© áŠ áˆ‡áˆ˜áŒá‰£á‰£á‰¶á‰½áŠ• áˆ‡áˆ›áˆµá‹ˆáŒˆá‹´ áŠ áˆ½áŠ¨áˆ­áŠ«áˆªá‹Žá‰½ á‰ á‰°á‰»áˆ‡ áŠ á‰…áˆ á‹¨áˆ‹áˆá‰½áŠ• á‹¨áˆ˜áŠ•áŒˆá‹´ á‰°áŒ á‰ƒáˆšá‹Žá‰½ ááˆŠáŒŽá‰µáŠ“ áŠ¥áŠ•á‰…áˆµá‰ƒáˆ´ á‰ áˆ˜áˆ¨á‹²á‰µ áŠ á‹ŽáŠ•á‰³á‹ŠáŠ“ áŒˆáŠ•á‰¢ áˆáˆŠáˆ½ á‰ áˆ˜áˆµáŒ á‰µ á‹¨á‰°áˆµá‰°áŠ«áŠ¨áˆ‡ ááˆ°á‰µ áŠ¥áŠ•á‹±áŠ–áˆ­ áˆ›á‹´áˆ¨áŒ á‹­áŠ–áˆ­á‰£á‰¸á‹‹áˆŒá¡á¡ á‹­áˆ…áŠ• á‹­á‰ áˆŒáŒ¥ á‰°áŒá‰£áˆ«á‹Š áŠ¥áŠ•á‹±áˆ†áŠ• áŠ áˆ½áŠ¨áˆ­áŠ«áˆªá‹Žá‰½ á‹¨áˆ‹áˆá‰½ áˆ˜áŠ•áŒˆá‹´ á‰°áŒ á‰ƒáˆšá‹Žá‰½áŠ• ááˆŠáŒŽá‰µ á‰ áˆ˜áˆ¨á‹²á‰µ á‰…á‹´áˆšá‹« á‹¨áˆ˜áˆµáŒ á‰µáŠ• á‰£áˆ…áˆŒ áˆ‰á‹«á‹²á‰¥áˆ© á‹­áŒˆá‰£áˆŒá¡á¡\r\náŒ¤áŠ“áˆ› á‹¨áŠ¥áˆ­áˆµá‰ áˆ­áˆ¥ áŒáŠ•áŠ™áŠá‰µ áˆ˜áŒˆáˆ‡áŒ« á‰£áˆ…áˆªá‹«á‰µ\r\ná‹‰áŒ¤á‰³áˆ› á‹¨áŠ¥áˆ­áˆµ á‰ áˆ­áˆµ áŒáŠ•áŠ™áŠá‰µ áˆ‡áˆ›áŠ¨áŠ“á‹ˆáŠ• á‹¨áˆ˜áŒá‰£á‰¢á‹« áŠ­áˆ…áˆá‰µáŠ• á‰ áˆ›á‹²á‰ áˆ­ áŠ áˆ½áŠ¨áˆ­áŠ«áˆªá‹Žá‰½ á‹˜á‹ˆá‰µáˆ­ áˆ˜á‰µáŒ‹á‰µ á‹­áŠ–áˆ­á‰£á‰¸á‹‹áˆŒá¡á¡ á‹­áˆ…áŠ• á‹¨áˆ˜á‰°áŒá‰ áˆ­ á‹‹áŠáŠ› áˆáŠ­áŠ•á‹«á‰µ áŠ áˆ½áŠ¨áˆ­áŠ«áˆªá‹Žá‰½ á‰ áˆ˜áŒá‰£á‰£á‰µ áˆŠá‹­ á‹¨á‰°áˆ˜áˆ áˆ¨á‰° á‹¨áˆ˜áŠ•áŒˆá‹´ áŠ áŒ á‰ƒá‰€áˆ áŠ¥áŠ•á‹±á‹«á‹²á‰¥áˆ© á‹­áˆ¨á‹²áˆŒá¡á¡ á‹­áˆ…áŠ•áŠ•áˆ á‹¨á‰°áˆ³áŠ« áˆ‡áˆ›á‹´áˆ¨áŒ áŠ áˆ½áŠ¨áˆ­áŠ«áˆªá‹Žá‰½ á‹¨áˆšáŠ¨á‰°áˆˆá‰µáŠ• áˆáŠ”á‰³á‹Žá‰½ áˆ˜áˆáŒ¸áˆ á‹­áŒ á‰ á‰…á‰£á‰¸á‹‹áˆŒá¡á¡\r\náˆ˜á‰»á‰»áˆŒá¡- á‰£á‹­áˆáˆŒáŒ‰áˆ á‹ˆá‹­áˆ á‰£á‹­áˆµáˆ›áˆ™á‰ á‰µáˆ áˆ‡áŒŠá‹œá‹‰ áˆá‰ƒá‹¯áŠ›áŠá‰µáŠ• áˆ›áˆ³á‹¨á‰µ\r\náˆ›áŠ«áˆáˆŒá¡- á‹¨áˆ«áˆµ áŠáŒˆáˆ­ áˆ‹áˆŠá‹ áŠ¥áŠ•á‹±áŒ á‰€áˆá‰ á‰µ áˆ˜áá‰€á‹´\r\náˆ©áˆ…áˆ©áˆ…áŠá‰µá¡- á‹¨áˆ‹áˆá‰½áŠ• á‰½áŒáˆ­ áŠ¥áŠ•á‹¯áˆ«áˆµ á‰ áˆ›á‹¨á‰µ á‰½áŒáˆ­áŠ• á‰ áˆ˜áŠ«áˆáˆŒ áˆ‡áˆ˜áá‰³á‰µ áŒ¥áˆ¨á‰µ áˆ›á‹´áˆ¨áŒ\r\náˆ˜á‹¯áˆ«á‹¯áˆ­á¡- áˆ‡áˆ˜áŒá‰£á‰£á‰µ áˆ²á‰£áˆŒ áˆ˜áŒ áŠáŠ› á‹¨áˆ«áˆµ ááˆŠáŒá‰¶á‰½áŠ• áˆ˜á‰°á‹\r\ná‹¨áŠ áˆ½áŠ¨áˆ­áŠ¨áˆ­ áˆµáŠ-áˆáŒá‰£áˆ­ /áˆ˜áˆ˜áˆªá‹«/ á‰ á‰°áŒá‰£áˆ­ áˆ˜á‰°áˆ­áŒŽáˆ\r\ná‰ á‰ áˆ­áŠ«á‰³ áŒ¥áŠ“á‰¶á‰½ áŠ¥áŠ•á‹¯áˆšá‰³á‹ˆáˆ°á‹ áŠ¨áˆžáˆŠ áŒá‹¯áˆŒ á‹¨áŠ áˆ½áŠ¨áˆ­áŠ«áˆªá‹Žá‰½ á‹¨áˆµáŠ-á‰£áˆ…áˆª áˆ˜áˆ­áˆ†á‰½ á‹¨áˆšáŠ¨á‰°áˆˆá‰µ áŠ“á‰¸á‹á¡á¡ á‰ áˆ˜áˆ†áŠ‘áˆ áŠ¥á‹«áŠ•á‹²áŠ•á‹° áŠ áˆ½áŠ¨áˆ­áŠ«áˆª á‹˜á‹ˆá‰µáˆ­ áŠ¥áŠá‹šáˆ…áŠ• áˆ˜áˆ­áˆ†á‰½ áˆ›áŠ­á‰ áˆ­ áŠ áˆ‡á‰ á‰µá¡á¡\r\nï‚· áŠ¨áŠá‹° áŠ á‹­áŒ áŒ¡ áŠ¨áŒ áŒ¡áˆ áŠ á‹­áŠ•á‹°\r\nï‚· á‰ áˆ…áŠ­áˆáŠ“ á‰£áˆ‡áˆžá‹« á‰³á‹á‹žáŠ“ á‰ áˆµáˆ«á‰¸á‹‰ áˆŠá‹­ á‰½áŒáˆ­ áŠ¥áŠ•á‹¯áˆ›á‹«á‹¯áˆ­áˆµ áŠ«áˆŒá‰°áŒˆáˆ‡áŒ¸áˆŠá‰¸á‹ á‰ áˆµá‰°á‰€áˆ­ áˆ˜á‹´áˆ€áŠ’á‰µ á‹ˆáˆµá‹¯á‹ áŠ á‹«áˆ½áŠ¨áˆ¨áŠ­áˆ©\r\nï‚· á‹«áˆ‡áˆáŠ•áˆ áŠ¥áˆ¨áá‰µ áŠ¨áŠ áˆ«á‰µ áˆ°á‹“á‰µ á‰ áˆŠá‹­ áŠ á‹«áˆ½áŠ¨áˆ¨áŠ­áˆ©\r\nï‚· á‹¨áŠ¥áŠ•á‰…áˆŒá áˆµáˆœá‰µ á‰ á‰°áˆ áˆ›á‰¸á‹‰ áŒŠá‹œ áˆ™áˆˆ áŠ¥áˆ¨áá‰µ áˆ˜á‹áˆ°á‹´\r\nï‚· áˆµáˆ‡áŒ‰á‹žáŠ á‰½áˆ á‹•á‰…á‹´ á‰ áˆ›á‹áŒ£á‰µ áŒŠá‹œ á‹­á‰†áŒ¥á‰¡ á‹¨áŠ á‹¯áŒ‹ áˆ˜áŠ•áˆµáŠ¤ áŠ¥áŠ•á‹²á‹­áˆ†áŠ‘ á‹­áŒ áŠ•á‰€á‰\r\nï‚· á‹¨á‰°áˆ³á‹áˆªá‹ á‹¯áˆ…áŠ•áŠá‰µá£ á‹¨áŠ áˆ½áŠ¨áˆ­áŠ«áˆªá‹ áŠƒáˆŠáŠáŠá‰µ áˆ˜áˆ†áŠ‘áŠ• á‹­áŒˆáŠ•á‹˜á‰¡\r\nï‚· áˆ‡áˆ›áˆ½áŠ¨áˆ­áŠ¨áˆ­ áŠ áˆµá‰¸áŒ‹áˆª á‰ áˆ†áŠ áˆ˜áŠ•áŒˆá‹´ áˆŠá‹­ á‰°áˆ¸áŠ¨áˆ­áŠ«áˆª áŠ á‹«áˆ½áŠ¨áˆ­áŠ­áˆ©\r\nï‚· á‹¨á‰°áˆ¸áŠ¨áˆ­áŠ«áˆªáŠ• áŒ á‰…áˆŠáˆŠ áŠ áŠ«áˆŒ á‹­áŒ á‰¥á‰\r\nï‚· á‹¨á‰°áˆ¸áŠ¨áˆ­áŠ«áˆªá‹«á‰½áˆ á‹¨á‰°áˆ‡á‹«á‹© áŠ­ááˆá‰½ á‰ áŠ áŒá‰£á‰¡ áˆ˜áˆ°áˆ«á‰³á‰¸á‹áŠ• áŠ¨áˆ˜áŠ•á‰€áˆ³á‰€áˆ³á‰½áˆ á‰ áŠá‰µ á‹«áˆ¨áŒ‹áŒáŒ¡\r\nï‚· á‰ áˆ˜á‰³áŒ áŠá‹« áˆ˜áŠ•áŒˆá‹µá‰½ áˆŠá‹­ á‰¥áˆ­á‰± áŒ¥áŠ•á‰ƒá‰„ á‹«á‹´áˆ­áŒ‰\r\nï‚· á‹¨áŠ á‹¨áˆ© áˆáŠ”á‰³ á‰ áˆ˜áŒ¥áŽ á‹¯áˆ¨áŒƒ áˆŠá‹­ áŠ¨á‰°áŒˆáŠ˜ á‹¨á‰°áˆ»áˆ‡ á‹¨áŠ á‹¨áˆ­ áˆáŠ”á‰³ áŠ¥áˆµáŠªáŠ–áˆ­ áŠ á‹«áˆ½áŠ¨áˆ­áŠ­áˆ©\r\nï‚· áˆ‹áˆá‰½áŠ•áŠ“ áˆ«áˆ³á‰½áˆáŠ• áŠ¨áŠ á‹¯áŒˆáŠ› áˆáŠ”á‰³ á‹­áŠ¨áˆŠáŠ¨áˆˆá£ áŒ áŠ•á‰ƒá‰ƒáŠ“ áŠ áˆµá‰°á‹‹á‹­ á‹­áˆáŠ‘\r\nï‚· áˆ¨á‹¥áˆ áˆ˜á‰¥áˆ«á‰µ áŠ áˆµáˆáˆŠáŒŠ á‰£áˆŒáˆ†áŠá‰ á‰µ á‰¦á‰³ áˆŠá‹­ áŠ á‹«á‰¥áˆ© /áŠ á‹­áŒ á‰€áˆ™/\r\nï‚· á‰ áŠ¨áá‰°áŠ› áŒ¥áŠ•á‰ƒá‰„ áˆ›áˆ½áŠ¨áˆ­áŠ¨áˆ­ á‹¨áˆšáŒˆá‰£á‹‰ á‰¦á‰³ áˆŠá‹­ á‰ áŒ¥áŠ•á‰ƒá‰„ á‹«áˆ½áŠ¨áˆ¨áŠ­áˆ©\r\nï‚· á‹¨áˆšá‹«áˆ½áŠ¨áˆ¨áŠ­áˆ©á‰µ áˆ˜áŠªáŠ“ á‹¨áˆ‹áˆá‰½áŠ• áˆ˜áŠ•áŒˆá‹´ á‹«áˆ‡áˆ˜á‹áŒ‹á‰±áŠ• á‹«áˆ¨áŒ‹áŒáŒ¡\r\nï‚· áˆ‡áŠ¥áŒáˆ¨áŠ› á‰…á‹´áˆšá‹« á‹­áˆµáŒ¡\r\nï‚· á‰ áˆ«áˆ³á‰½áˆ á‹¨áŠƒáˆŠáŠáŠá‰µ áŒ‰á‹´áˆ‡á‰µ áˆ…á‹­á‹ˆá‰µ á‹«áˆ‡á‹‰ áŠáŒˆáˆ­ áŠ¥áŠ•á‹±áŒ á‹ áŠ á‹«á‹´áˆ­áŒ‰\r\nï‚· á‹¨áˆ›áˆ½áŠ¨áˆ­áŠ¨áˆ­ áˆ™á‹« á‰¥á‰ƒá‰³á‰½áˆáŠ• áŠ¨á áˆ‡áˆ›á‹´áˆ¨áŒ áŒ¥áˆ¨á‰µ á‹«á‹´áˆ­áŒ‰\r\nï‚· á‹¨ááŒ¥áŠá‰µ á‹ˆáˆ°áŠ•áŠ• á‹«áŠ­á‰¥áˆ©\r\nï‚· áˆ‡á‰µáˆ«áŠáŠ­ áˆ˜á‰¥áˆ«á‰µ á‰µá‹•á‹›á‹ á‰°áŒˆá‰¢á‹‰áŠ• áˆáˆŠáˆ½ á‹­áˆµáŒ¡\r\nï‚· á‹¨áˆ˜áŠ•áŒˆá‹´ áˆµáŠ-áˆµáˆ­á‹“á‰µ áˆáˆŒáŠ­á‰¶á‰½áŠ“ á‰µá‹•á‹›á‹žá‰½áŠ• á‹«áŠ­á‰¥áˆ©\r\nï‚· á‹¨á‰µáˆ«áŠáŠ­ á–áˆ‰áˆµ á‰µá‹•á‹›á‹áŠ“ á‹¨áˆ‹áˆá‰½ á‹¨á‰µáˆ«áŠ•áˆµá–áˆ­á‰µ á‰£áˆ‡áˆµáˆŒáŒ£áŠ“á‰µ áˆ˜áˆ˜áˆªá‹«á‹Žá‰½áŠ• á‹«áŠ­á‰¥áˆ©\r\nï‚· á‰ áŠ¥áŠ•á‰…áˆµá‰ƒáˆ´áŠ“ á‰ áˆ›á‰†áˆ áˆ‚á‹¯á‰µ á‰°áŒˆá‰¢á‹‰áŠ• áˆáˆŒáŠ­á‰µ á‰ á‰°áŒˆá‰¢ á‰¦á‰³áŠ“ áŒá‹œ á‹­áŒ á‰€áˆ™\r\nï‚· á‰ áŒ‰á‹ž áˆ‚á‹¯á‰µ á‹¨áˆšá‹«áŒ‹áŒ¥áˆ™ á‹¨á‰°áˆ‡á‹«á‹© áˆ›áˆ…á‰ áˆ¨áˆ°á‰¦á‰½áŠ• á‰£áˆ…áˆŒá£ á‰…áˆ­áˆ¶á‰½ á‹¨áŠ áŠ«á‰£á‰¢á‹áŠ• áŠ¥áˆ´á‰¶á‰½ áŠ¥áŠ•á‹±áˆáˆ á‹¨áˆ…á‹á‰¥áŠ“ á‹¨áŒáˆŒ áŠ•á‰¥áˆ¨á‰¶á‰½áŠ• á‹«áŠ­á‰¥áˆ©\r\nï‚· á‰ áŠ áŠ«á‰£á‰¢á‹ á‹¨áˆšáŒˆáŠ™ áŠ¥áŒ½á‹‹á‰µáŠ“ áŠ¥áŠ•áˆµáˆ³á‰µáŠ• á‹­áŠ•áŠ¨á‰£áŠ¨á‰¡\r\nï‚· á‹¨áŠ áŠ«á‰£á‰¢á‹«á‰½áˆáŠ•á£ á‹¨áˆ«áˆ³á‰½áˆáŠ•áŠ“ á‹¨áˆ‹áˆá‰½áŠ• áŠ•áŒ½áˆ…áŠ“ á‹­áŒ á‰¥á‰\r\nï‚· á‰°áˆ½áŠ¨áˆ­áŠ«áˆªá‹ áŠ áŠ«á‰£á‰¢áŠ• áŠ¥áŠ•á‹²á‹­á‰ áŠ­áˆŒ á‰°áˆ½áŠ¨áˆ­áŠ«áˆªá‹«á‰½áˆáŠ• á‰ áŠ•áŒ½áˆ…áŠ“ á‹­á‹«á‹™\r\nï‚· á‹¨áˆ›áˆ½áŠ¨áˆ­áŠ¨áˆ­ á‰°áŒá‰£áˆ­áŠ• áˆ˜á‹á‹¯á‹´áŠ“ á‹¨áˆ‹áˆá‰½áŠ• áˆ˜á‰¥á‰µ áŠ áˆ‡áˆ˜áŒ‹á‹á‰µ\r\nï‚· á‹¨áˆ«áˆ³á‰½áˆáŠ•áŠ“ á‹¨áˆ‹áˆá‰½áŠ• á‹¯áˆ…áŠ•áŠá‰µ áˆ‡áˆ˜áŒ á‰ á‰… á‰áˆ­áŒ áŠ› á‹­áˆáŠ‘\r\nï‚· áˆ™á‹«á‹Š áˆµáŠ-áˆáŒá‰£áˆ­ á‹­áŠ‘áˆ«á‰½áˆ\r\nï‚· áˆ‡áˆ˜áŠ•áŒˆá‹´á£ áˆ…áŒáŒ‹á‰µ á‰°áŒˆá‹¥áˆ˜áˆ†áŠ• ----á‹ˆá‹˜á‰°'),
(2, '  á‹¨á‰°áˆ½áŠ¨áˆ­áŠ«áˆª á‹‹áŠ“ á‹‹áŠ“ áŠ­ááˆá‰½', ' á‹¨á‰°áˆ½áŠ¨áˆ­áŠ«áˆª á‹‹áŠ“ á‹‹áŠ“ áŠ­ááˆá‰½\r\náŠ áŠ•á‹´ á‰°áˆ½áŠ¨áˆ­áŠ«áˆª áŠ¨áŠ áˆáˆµá‰µ á‹‹áŠ“ á‹‹áŠ“ áŠ­ááˆá‰½ á‹¨á‰°á‹‹á‰€áˆ¨ áŠá‹á¡á¡ áŠ¥áŠáˆ±áˆá¡- áˆ°áˆžá‰°áˆ­ /áŠ¢áŠ•áŒ…áŠ•/á£ áŠƒá‹­áˆŒ áŠ áˆµá‰°áˆŠáˆŠáŠ /á‰µáˆ«áŠ•áˆµáˆšáˆ½áŠ•/á£ áŠ á‹á‰¶-áŠ¤áˆ‹áŠ­á‰µáˆªáŠ­á£ á‰¦á‹±áŠ“ á‰»áŠ•áˆ² áŠ“á‰¸á‹á¡á¡\r\náˆžá‰°áˆ­ /áŠ¢áŠ•áŒ…áŠ•/\r\náˆžá‰°áˆ­ áŠ á‹¨áˆ­áŠ• á‰¥á‰»á‹áŠ• á‹ˆá‹­áˆ á‹¨áŠá‹²áŒ…áŠ“ á‹¨áŠ á‹¨áˆ­ á‹´á‰¥áˆŒá‰…áŠ• á‹ˆá‹¯ áˆ›á‰€áŒ£áŒ á‹« áˆµááˆ« á‰ áˆ›áˆµáŒˆá‰£á‰µ á‰ áŠ¤áˆ‹á‰µáˆªáŠ­ á‹ˆá‹­áˆ á‰ áˆ™á‰€á‰µ áŠƒá‹­áˆŒ á‰ áˆ›á‰€áŒ£áŒ áˆŒ áŠƒá‹­áˆŒ á‹¨áˆšáˆáŒ áˆ­á‰ á‰µáŠ“ á‹¨á‰°áˆáŒ áˆ¨á‹áŠ• á‹¨áˆ™á‰€á‰µ áŠƒá‹­áˆŒ á‹ˆá‹¯ áˆœáŠ«áŠ’áŠ«áˆŒ áŠƒá‹­áˆŒ á‹¨áˆšá‰€á‹­áˆ­ áˆ˜áˆ³áˆªá‹« áŠá‹á¡á¡ áˆžá‰°áˆ­ á‰°áŒá‰£áˆ©áŠ• áˆ‡áˆ›áŠ¨áŠ“á‹ˆáŠ• áŠ¨áˆ²áˆ‰áŠ•á‹¯áˆ­ áˆ„á‹´á£ áŠ¨áˆ²áˆ‰áŠ•á‹¯áˆ­ á‰¡áˆáŠ­ áŠ¥áŠ“ áŠ¨áŠ¦á‹­áˆŒá–áŠ• /áˆ¶á‰¶áŠ®á“/ áˆ˜áˆ°áˆ¨á‰³á‹Š áŠ­ááˆá‰½ á‹¨á‰°á‹‹á‰€áˆ¨ áŠá‹á¡á¡\r\náˆ²áˆ‰áŠ•á‹¯áˆ­ áˆ„á‹´á¡- á‹¨áˆžá‰°áˆ© á‹¨áˆŠá‹­áŠ›á‹ áŠ­ááˆŒ áˆ²áˆ†áŠ• á‹¨áˆšáŠ¨á‰°áˆˆá‰µáŠ• áŠ­ááˆá‰½ á‹¨á‹«á‹˜ áŠá‹\r\nï‚· áŠ áˆµáŒˆá‰¢áŠ“ áŠ áˆµá‹ˆáŒª á‰«áˆŒá‰­á£ á‰ á‰¤áŠ•á‹šáŠ• áˆžá‰°áˆ­ áˆŠá‹­ áŠ«áŠ•á‹³áˆŠ /áˆµá–áˆ­áŠ­ á•áˆŠáŒ/á£ á‰ áŠ“ááŒ£ áˆžá‰°áˆ­ áˆŠá‹­ áŠ¢áŠ•áŒ€áŠ­á‰°áˆ­ áŠ–á‹áˆŒ áŠ¥áŠ“ áŒáˆ á•áˆŠáŒ áŠ¥áŠ“ á‹¨áˆ˜áˆ³áˆ°áˆˆá‰µáŠ• á‹¨áˆšá‹­á‹ áŠ­ááˆŒ áŠá‹á¡á¡\r\náˆ²áˆ‰áŠ•á‹¯áˆ­ á‰¡áˆáŠ­á¡- á‹¨áˆžá‰°áˆ­ áˆ˜áŠ«áŠ¨áˆ‡áŠ›á‹ áŠ­ááˆŒ áˆ†áŠ–á£ áˆ²áˆ‰áŠ•á‹¯áˆ­á£ áŠ®áŠ”áŠ­á‰²áŠ•áŒ áˆ®á‹´á£ á’áˆµá‰°áŠ•\r\náŠ­áˆ«áŠ•áŠ­ áˆ»áá‰µá£ áŠ«áˆáˆ»áá‰µ áŠ¥áŠ“ á‹¨áˆ˜áˆ³áˆ°áˆˆá‰µáŠ• á‹¨áˆšá‹­á‹ áŠ­ááˆŒ áŠá‹‰á¡á¡\r\náŠ¦á‹­áˆŒá“áŠ•á¡- á‹¨áˆžá‰°áˆ©áŠ• á‹¨á‰³á‰½áŠ›á‹áŠ• áŠ­ááˆŒ á‰ áˆ˜áˆ¸áˆáŠ• áŠ¥áŠ“ áˆ‡áˆžá‰°áˆ­ áˆ›áˆ‡áˆµáˆ‡áˆ»áŠá‰µ á‹¨áˆšá‹«áŒˆáˆ‡áŒáˆ‡á‹áŠ• á‹˜á‹­á‰µ áŠ áŒ áˆ«á‰…áˆž á‹¨áˆšá‹­á‹ áˆ†áŠ– á‹¨áˆžá‰°áˆ­ á‹˜á‹­á‰µ áˆ˜áˆ‡áŠªá‹« á‹±á•áˆµá‰²áŠ­ á‰ á‹áˆµáŒ¡ á‹¨áˆšá‹­á‹ áŠ­ááˆŒ áŠá‹ á¡á¡\r\ná‹¨áˆžá‰°áˆ­ áŠ áŒ‹á‹¥ áŠ­ááˆá‰½\r\ná‹¨áˆžá‰°áˆ­ áŠ áŒ‹á‹¥ áŠ­ááˆŒá¡- áˆžá‰°áˆ­ áŠƒá‹­áˆŒ áŠ¥áŠ•á‹±á‹«áˆ˜áŠáŒ­ á‹ˆá‹­áˆ áˆ˜á‹¯á‰ áŠ› á‰°áŒá‰£áˆ©áŠ• áŠ¥áŠ•á‹±á‹«áŠ¨áŠ“á‹áŠ• á‹¨áˆšá‹«áŒá‹™á‰µ áŠ­ááˆá‰½ áˆ²áˆ†áŠ‘ áŠ¥áŠáˆ­áˆ±áˆá¡- á‹¨áŠá‹²áŒ… áŠ áˆµá‰°áˆŠáˆŠáŠ áŠ­ááˆá‰½á£ á‹¨áˆ›á‰€á‹á‰€á‹£ áŠ­ááˆá‰½á£ á‹¨áˆ›áˆ‡áˆµáˆ‡áˆ» áŠ­ááˆá‰½ áŠ¥áŠ“ á‹¨áŠ¥áˆ³á‰µ áŠ á‰€áŒ£áŒ£á‹­ áŠ­ááˆá‰½ á‰ áˆ˜á‰£áˆŒ á‹­á‰³á‹ˆá‰ƒáˆˆá¡á¡\r\ná‹¨áŠá‹²áŒ… áŠ áˆµá‰°áˆŠáˆŠáŠ áŠ­ááˆá‰½\r\náŠá‹²áŒ…á¡- á‹¨áŠƒá‹­á‹´áˆ®áŒ…áŠ• áŠ¥áŠ“ á‹¨áŠ«áˆ­á‰¦áŠ• á‹áˆ…á‹´ áˆ²áˆ†áŠ• á‰ áˆžá‰°áˆ­ á‹áˆµáŒ¥ áŠ¨áŠ á‹¨áˆ­ áŒ‹áˆ­ á‰ áˆ˜á‰€áˆŠá‰€áˆŒ á‰ áˆ²áˆ‰áŠ•á‹¯áˆ­ á‹áˆµáŒ¥ áˆƒá‹­áˆŒ áŠ¥áŠ•á‹±áˆáŒ áˆ­ á‹¨áˆšá‹«á‹¯áˆ­áŒ áŠá‹á¡á¡ áˆžá‰°áˆ­ á‰ áŠá‹²áŒ… áŠ áŒ á‰ƒá‰€áˆ á‹¨á‰¤áŠ•á‹šáŠ• áŠ¥áŠ“ á‹¨áŠ“ááŒ£ áˆžá‰°áˆ­ á‰ áˆ˜á‰£áˆŒ á‰ áˆáˆ‡á‰µ á‹­áŠ¨áˆáˆŠáˆŒá¡á¡\r\ná‹¨á‰¤áŠ•á‹šáŠ• áˆžá‰°áˆ­ áŠá‹²áŒ… áŠ áˆµá‰°áˆŠáˆŠáŠ áŠ­ááˆá‰½ áŠ¨áŠá‹²áŒ… áˆ›áŒ áˆ«á‰€áˆšá‹« áŒ‹áŠ• áŠ¥áˆµáŠ¨ áŠ«áˆ­á‰¡áˆ¬á‰°áˆ­ á‹´áˆ¨áˆµ á‹«áˆˆ áŠ­ááˆá‰½ áŠ“á‰¸á‹á¡á¡\r\ná‹¨áŠá‹²áŒ… áˆ›áŒ áˆ«á‰€áˆšá‹« áŒ‹áŠ• /áˆ°áˆŒá‰µá‹®/á¡- á‹­áˆ… áŠ­ááˆŒ á‰ á‰¤áŠ•á‹šáŠ•áŠ“ á‰ áŠ“ááŒ£ áˆžá‰°áˆ­ áˆŠá‹­ á‹¨áˆšáŒˆáŠ áˆ²áˆ†áŠ• áˆ‡á‰°áˆ½áŠ¨áˆ­áŠ«áˆªá‹ á‹¨áˆšá‹«áˆµáˆáˆŒáŒˆá‹ áŠá‹²áŒ… á‹¨áˆšá‰€áˆ˜áŒ¥á‰ á‰µ áŠ­ááˆŒ áŠá‹á¡á¡\r\ná‹¨áŠá‹²áŒ… áˆ›áˆµá‰°áˆŠáŠá‹«á¡- á‹­áˆ… áˆ˜áˆµáˆ˜áˆ­ á‰ á‰¤áŠ•á‹šáŠ• áˆžá‰°áˆ­ áŠ¨áŠá‹²áŒ… áˆ›áŒ áˆ«á‰€áˆšá‹« áŠ¥áˆµáŠ¨ áŠ«áˆ­á‰¡áˆ¬á‰°áˆ­ á‹¨áˆšá‹«á‹¯áˆ­áˆµ áˆ²áˆ†áŠ• á‰ áŠ“ááŒ£ áˆžá‰°áˆ­ áˆŠá‹­ áŠ¨áŠá‹²áŒ… áˆ›áŒ áˆ«á‰€áˆšá‹« áŠ¥áˆµáŠ¨ áŠ¢áŠ•áŒ€áŠ­á‰°áˆ­ áŠ–á‹áˆŒ á‹«áˆ‡á‹ á‹¨áŠá‹²áŒ… áŠ áˆµá‰°áˆŠáˆŠáŠ áŠ­ááˆŒ áŠá‹á¡á¡\r\ná‹¨áŠá‹²áŒ… áˆ›áŒ£áˆªá‹«/áŠá‹áˆŒ áŠáˆŒá‰°áˆ­/á¡- á‹¨áŠá‹²áŒ… áˆ›áŒ£áˆªá‹« á‰ á‰¤áŠ•á‹šáŠ•áŠ“ á‰ áŠ“ááŒ£ áˆžá‰°áˆ­ áˆŠá‹­ á‹¨áˆšáŒˆáŠ áˆ²áˆ†áŠ• áŠ áŒˆáˆŒáŒáˆá‰±áˆ áŠá‹²áŒ…áŠ• áŠ¨á‰†áˆ»áˆ»á£ áŠ¨á‹áˆƒáŠ“ áŠ¨áˆ˜áˆ³áˆ°áˆˆá‰µ áŠáŒˆáˆ®á‰½ á‹¨áˆšá‹«áŒ£áˆ« áŠá‹á¡á¡\r\náˆ˜áˆŠáˆ½ á‰±á‰¦ /áˆªá‰°áˆ­áŠ• áˆŠá‹­áŠ•/á¡- á‰ áŠ“ááŒ£ áˆžá‰°áˆ­ áŠá‹²áŒ… áŠ áˆµá‰°áˆŠáˆ‡áŠ áŠ­ááˆŒ á‹¨áˆšáŒˆáŠ áˆ²áˆ†áŠ• áŠ¨áŠ¢áŠ•áŒ‚áŠ­áˆ½áŠ• á“áˆá•áŠ“ áŠ¨áŠ¢áŠ•áŒ€áŠ­á‰°áˆ­ áŠ–á‹áˆŒ áŒ¥á‰…áˆ áˆŠá‹­ á‹«áˆŒá‹‹áˆ‡á‹áŠ• á‰µáˆ­á áŠá‹²áŒ…áŠ• á‹ˆá‹¯ áŠá‹²áŒ… áˆ›áŒ áˆ«á‰€áˆšá‹« áŒ‹áŠ• á‹¨áˆšáˆ˜áˆ‡áˆµá‰ á‰µ áˆ˜áˆµáˆ˜áˆ­ /á‰±á‰¦/ áˆ²áˆ†áŠ• á‰ á‰¤áŠ•á‹šáŠ• áˆžá‰°áˆ­ áŠá‹²áŒ… áŠ áˆ°á‰°áˆŠáˆŠáŠ áŒáŠ• áŠ¨áŠá‹áˆŒá“áˆá• á‹ˆá‹¯ áˆ›áŒ áˆ«á‰€áˆšá‹« áŒ‹áŠ• á‹¨áˆšáˆ˜áˆŠáˆ‡áˆµá‰ á‰µ áˆ˜áˆµáˆ˜áˆ­ /á‰±á‰¦/ áŠá‹á¡á¡\r\ná‹¨áŠá‹²áŒ… á“áˆá•á¡- á‰ á‰¤áŠ•á‹šáŠ•áŠ“ á‰ áŠ“ááŒ£ áˆžá‰°áˆ­ áŠá‹²áŒ… áŠ áˆµá‰°áˆŠáˆŠáŠ áŠ­ááˆá‰½ áˆŠá‹­ á‹¨áˆšáŒˆáŠ áˆ²áˆ†áŠ• á‰ áˆžá‰°áˆ­ áŠƒá‹­áˆŒ á‹ˆá‹­áˆ á‰ áŠ¤áˆ‹áŠ­á‰µáˆªáŠ­ áŠƒá‹­áˆŒ áŠ¥á‹¨á‰°áŠá‹² áŠá‹²áŒ…áŠ• áŠ¨áˆ›áŒ áˆ«á‰€áˆšá‹« áŒ‹áŠ• á‰ áˆ˜áˆ³á‰¥ áˆ‡áŠ«áˆ­á‰¡áˆ¬á‰°áˆ­ á‹ˆá‹­áˆ áˆ‡áŠ¢áŠ•áŒ€áŠ­áˆ½áŠ• á“áˆá• áŠá‹²áŒ… áŠ¥áŠ•á‹±á‰°áˆŠáˆ‡á á‹¨áˆšá‹«á‹¯áˆ­áŒ áŠ áŠ«áˆŒ áŠá‹á¡á¡\r\náŠ«áˆ­á‰¡áˆ¬á‰°áˆ­á¡- á‰ á‰¤áŠ•á‹šáŠ• áˆžá‰°áˆ­ áˆŠá‹­ á‰¥á‰» á‹¨áˆšáŒˆáŠ á‹¨áŠá‹²áŒ… áŠ áˆµá‰°áˆŠáˆŠáŠ áŠ­ááˆŒ áˆ²áˆ†áŠ• á‹ˆá‹¯ á‹áˆµáŒ¡ á‹¨áˆšáŒˆá‰£á‹áŠ• áŠ á‹¨áˆ­áŠ“ áŠá‹²áŒ… á‰ áˆ˜á‹¯á‰£áˆ‡á‰…áŠ“ á‰ áˆ›áˆ˜áŒ£áŒ áŠ• á‹ˆá‹¯ áˆ²áˆ‰áŠ•á‹¯áˆ­ (áˆ›á‰€áŒ£áŒ á‹« áˆµááˆ«) á‹¨áˆšá‹«áˆµá‰°áˆŠáˆŒá áŠ áŠ«áˆŒ áŠá‹á¡á¡\r\ná‹¨áŠ“ááŒ£ áˆžá‰°áˆ­ áŠá‹²áŒ… áŠ áˆµá‰°áˆŠáˆŠáŠ áŠ­ááˆá‰½ á‹¨áˆšá‰£áˆˆá‰µ áŠ¨áŠá‹²áŒ… áˆ›áŒ áˆ«á‰€áˆšá‹« (áˆ³áˆŠá‰«á‰µá‹®) áŠ¥áˆµáŠ¨ áŠ¥áŠ•áŒ€áŠ­á‰°áˆ­ áŠ–á‹áˆŒ á‹«áˆˆá‰µáŠ• á‹«áŒ á‰ƒáˆŒáˆŠáˆŒá¡á¡\r\ná‹¨áˆ˜áŒ€áˆ˜áˆªá‹« á“áˆá•/áŠá‹´ á“áˆá•/á¡- á‰ áŠ“ááŒ£ áˆžá‰°áˆ­ áˆŠá‹­ áŠ“ááŒ£á‹áŠ• á‰ áŠ áŠáˆµá‰°áŠ› áŒáŠá‰µ áŠƒá‹­áˆŒ áŠ¨áŠá‹²áŒ… áˆ›áŒ áˆ«á‰€áˆšá‹« á‹ˆá‹¯ áŠ¢áŠ•áŒ€áŠ­áˆ½áŠ• á“áˆá• á‹¨áˆšá‹«á‹¯áˆ­áˆµ áŠ áŠ«áˆŒ áŠá‹á¡á¡\r\náŠ¢áŠ•áŒ‚áŠ­áˆ½áŠ• á“áˆá•á¡- á‰ áŠ“ááŒ£ áˆžá‰°áˆ­ áŠá‹²áŒ… áŠ áˆµá‰°áˆŠáˆŠáŠ áŠ­ááˆŒ á‹áˆµáŒ¥ á‹¨áˆšáŒˆáŠ áˆ²áˆ†áŠ• á‰ áˆžá‰°áˆ­ áŠƒá‹­áˆŒ áŠ¥á‹¨á‰°áŠá‹² á‰ áˆ˜áŒ€áˆ˜áˆªá‹« á“áˆá• áŠ áˆ›áŠ«áŠáŠá‰µ á‹¨áˆ˜áŒ£áˆ‡á‰µáŠ• áŠ áŠáˆµá‰°áŠ› á‹¨áŠá‹²áŒ… áŒáŠá‰µ á‹ˆá‹¯ áŠ¨áá‰°áŠ› áŒáŠá‰µ á‰ áˆ˜á‰€á‹¨áˆ­ á‰ áˆ²áˆ‰áŠ•á‹¯áˆ­ á‹¨áˆ›á‰€áŒ£áŒ áˆŒ á‰…á‹¯áˆ á‰°áŠ¨á‰°áˆŒ áˆ˜áˆ áˆ¨á‰µ áˆ‡áŠ¢áŠ•áŒ‚áŠ­á‰°áˆ­ áŠ–á‹áˆŒ áŠá‹²áŒ… á‹¨áˆšá‹«áˆµá‰°áˆŠáˆŒá áŠ­ááˆŒ áŠá‹á¡á¡ áˆµáˆ‡áˆ†áŠáˆ áŠ¢áŠ•áŒ„áŠ­áˆ½áŠ• á“áˆá• á‹ˆá‹¯ áŠ¢áŠ•áŒ€áŠ­á‰°áˆ­ áŠ–á‹áˆŒ á‹¨áˆšá‹«áˆŒáˆá‹áŠ• á‹¨áŠá‹²áŒ… áˆ˜áŒ áŠ• á‰ áˆ˜áˆ‡áŠ«á‰µáŠ“ á‰°áˆáˆŠáŒŠ áŒáŠá‰µ áŠ¥áŠ•á‹±áŠ–áˆ­ á‰ áˆ›á‹´áˆ¨áŒ áŠ¥áŠ•á‹¯á‹¨áˆžá‰°áˆ© á‹™áˆ­ /ááŒ¥áŠá‰µ/ áˆáŠ”á‰³ á‰ áˆ˜áˆ˜áŒ áŠ• áˆ‡áˆ›á‰€áŒ£áŒ á‹« áˆµááˆ« á‹«áˆµá‰°áˆŠáˆŒá‹áˆŒá¡á¡\r\náŠ¢áŠ•áŒ€áŠ­á‰°áˆ­ áŠ–á‹áˆŒá¡- á‰ áˆ²áˆ‰áŠ•á‹¯áˆ­ áŠ áŠ“á‰µ áˆŠá‹­ á‹¨áˆšáŒˆáŒ áˆ áˆ²áˆ†áŠ• áŠ¨áá‰°áŠ› áŒáŠá‰µ áˆ˜á‰‹á‰‹áˆ á‰ áˆšá‰½áˆŒ áˆµá‹á‰± áŒ á‰£á‰¥ áŠ¥áŠ“ áŒ áŠ•áŠ«áˆ« á‰ áˆ†áŠ á‹¨áŠá‹²áŒ… áˆ˜áˆµáˆ˜áˆ­ áŠ áˆ›áŠ«áŠáŠá‰µ áŠ¨áŠ¢áŠ•áŒ€áŠ­áˆ½áŠ• á“áˆá• áŒ‹áˆ­ á‰ áˆ˜áŒˆáŠ“áŠ˜á‰µ á‰ áŠ¥áˆ˜á‰ƒ á‹ˆá‰…á‰µ áŠá‹²áŒ…áŠ• á‹ˆá‹¯ á‰³áˆ˜á‰€á‹ áŠ á‹¨áˆ­ á‹¨áˆšáˆ¨áŒ­ áŠ­ááˆŒ áŠá‹á¡á¡ áŠ¢áŠ•áŒ€áŠ­á‰°áˆ­ áŠ–á‹áˆŒ á‰ áˆ²áˆ‰áŠ•á‹¯áˆ­ áŠ áŠ“á‰µ áˆŠá‹­ á‹¨áˆšáˆ¨áŒ¨á‹ áŠá‹²áŒ… á‰ áŠ¥áˆ˜á‰ƒ áŒŠá‹œ á‰ á‰°áŒˆáŠ˜á‹ áˆ™á‰€á‰µ áŠ áˆ›áŠ«áŠáŠá‰µ á‰ á‰€áˆŠáˆˆ áŠ¥áŠ•á‹±á‰€áŒ£áŒ áˆŒ á‰ áˆ›á‹´áˆ¨áŒ áŒ¥áˆ© á‹¨á‰ƒáŒ áˆ ááŠ•á‹²á‰³ áŠ¥áŠ•á‹±áŠ–áˆ­ á‹«á‹¯áˆ­áŒ‹áˆŒá¡á¡\r\ná‰±áˆ­á‰¦ á‰»áˆ­áŒ€áˆ­á¡- á‰±áˆ­á‰¦ á‰»áˆ­áŒ€áˆ­ á‰ áŠ“ááŒ£ áˆžá‰°áˆ­ áˆŠá‹­ á‹¨áˆšáŒˆáŠ áŠ­ááˆŒ áˆ²áˆ†áŠ• áŠ¨áˆžá‰°áˆ­ á‰ áˆšá‹ˆáŒ£á‹ áŒ­áˆµ áŠ áˆ›áŠ«áŠáŠá‰µ áŠ¥á‹¨á‰°áŠá‹² á‹ˆá‹¯ áˆ²áˆ‰áŠ•á‹¯áˆ­ á‹¨áˆšáŒˆá‰£á‹áŠ• á‹¨áŠ á‹¨áˆ­ áˆ˜áŒ áŠ•á£ ááŒ¥áŠá‰µ áŠ¥áŠ“ áŒáŠá‰µ áŠ¥áŠ•á‹±áŒ¨áˆáˆ­ á‰ áˆ›á‹´áˆ¨áŒ á‰ áˆ²áˆ‰áŠ•á‹¯áˆ­ á‹áˆµáŒ¥ áŠ¨áá‰°áŠ› áˆ˜áŒ áŠ• á‹«áˆ‡á‹ á‹¨áŠ á‹¨áˆ­ áŒáŠá‰µ áŠ¥áŠ•á‹±áŒˆá‰£ á‹¨áˆšá‹«á‹¯áˆ­áŒ áŠá‹á¡á¡ áˆµáˆ‡áˆ†áŠáˆ á‰ áˆ²áˆ‰áŠ•á‹¯áˆ­ á‹áˆµáŒ¥ á‰ áŠ¨áá‰°áŠ› á‹¨áŠ á‹¨áˆ­ áŒáŠá‰µ áˆáŠ­áŠ•á‹«á‰µ áŠ¨áá‰°áŠ› áŠ¥áˆ˜á‰ƒ á‹¨áˆšáˆáŒ áˆ­ á‰ áˆ˜áˆ†áŠ‘ á‹¨áˆžá‰°áˆ­ áŒ‰áˆŒá‰ á‰µ áŠ¥áŠ•á‹±áŒ¨áˆáˆ­ á‹«á‹¯áˆ­áŒ‹áˆŒá¡á¡\r\náŠ á‹¨áˆ­ áˆ›áŒ£áˆªá‹«\r\ná‰ áˆžá‰°áˆ­ áˆŠá‹­ á‹¨á‰°áˆ‡á‹«á‹© á‹¨áŠ á‹¨áˆ­ áˆ›áŒ£áˆªá‹« áŠ á‹­áŠá‰¶á‰½ á‹¨áˆšáŒˆáŠ™ áˆ²áˆ†áŠ• á‹­áˆ…áˆ á‰ áˆžá‰°áˆ­ á‹¨áŠ á‹¨áˆ­ áˆ˜áˆµáˆ˜áˆ­ áˆŠá‹­ á‹¨áˆšáŒˆáŒ áˆ áŠá‹á¡á¡ á‰ áˆ˜áˆ†áŠ‘áˆ á‰ á’áˆµá‰°áŠ• á‰ áˆšáˆáŒ áˆ¨á‹ áˆµá‰ á‰µ áŠ áˆ›áŠ«áŠáŠá‰µ á‹¨á‰†áˆ»áˆ» (á‹¨á‰°á‰ áŠ¨áˆ‡) áŠ á‹¨áˆ­ á‹ˆá‹¯ áˆ²áˆ‰áŠ•á‹¯áˆ­ áŠ¥áŠ•á‹²á‹­áŒˆá‰£ áˆ›áŒ£áˆªá‹«á‹ á‹«á€á‹²áˆŒá¡á¡\r\ná‹¨áˆ›á‰€á‹á‰€á‹¥ áŠ­ááˆá‰½\r\ná‹¨áˆ›á‰€á‹á‰€á‹£ áŠ­ááˆŒ áˆžá‰°áˆ­ á‹áˆµáŒ¥ áˆ€á‹­áˆŒ á‰ á‰°áˆáŒ áˆ¨ áŒŠá‹œ á‰ áˆšáˆáŒ áˆ¨á‹ áˆ™á‰€á‰µ á‹¨áˆžá‰°áˆ­ áŠ­ááˆá‰½ áˆŠá‹­ á‹¨áˆ˜áˆµá‹á‹á‰µá£ á‹¨áˆ˜áŒ£á‰ á‰… áŠ¥áŠ“ á‹¨áˆ˜á‰…áˆ‡áŒ¥ á‰½áŒáˆ­ /áŠ á‹¯áŒ‹/ á‹«áŒ‹áŒ¥áˆ›áˆŒá¡á¡ á‹­áˆ…áŠ• áŠ á‹¯áŒ‹ á‰ áˆ›áˆµá‰€áˆ¨á‰µ áˆžá‰°áˆ© áŒ¤áŠ“áˆ› á‹¨áˆ†áŠ áŠ áŒˆáˆŒáŒáˆá‰µ áŠ¥áŠ•á‹±áˆ°áŒ¥ á‹¨áˆ›á‰€á‹á‰€á‹£ áŠ­ááˆŒ á‹¨áˆžá‰°áˆ©áŠ• áˆ™á‰€á‰µ áˆ˜áŒ áŠ• á‰ áˆ˜á‰€áŠáˆµ á‹¨áˆžá‰°áˆ© áŠ¥á‹´áˆœ áŠ¥áŠ•á‹±áˆ¨á‹áˆ áŠ¨áá‰°áŠ› áˆšáŠ“ á‹­áŒ«á‹ˆá‰³áˆŒá¡á¡ á‹¨á‰°áˆ¸áŠ¨áˆ­áŠ«áˆª áˆžá‰°áˆ­ á‰ á‹áˆƒ á‹ˆá‹­áˆ á‰ áŠ á‹¨áˆ­ áˆ‰á‰€á‹˜á‰…á‹ á‹­á‰½áˆŠáˆŒá¡á¡\r\ná‹¨á‹áˆƒ áˆ›á‰€á‹á‰€á‹£ á‹‹áŠ“ á‹‹áŠ“ áŠ­ááˆá‰½ áŠ¥áŠ“ áŠ áŒˆáˆŒáŒáˆá‰³á‰¸á‹\r\nï‚· áˆ«á‹´á‹«á‰°áˆ­:- áˆžá‰°áˆ©áŠ• áˆ‡áˆ›á‰€á‹á‰€á‹ á‹¨áˆšá‹«áˆµá‰½áˆŒ á‹áˆƒ áˆ‡áˆ˜á‹«á‹£áŠá‰µ á‹¨áˆšá‹«áŒˆáˆ‡áŒáˆŒ áŠ¥áŠ“ á‰ áˆžá‰°áˆ­ á‹™áˆª á‰°á‹˜á‹‹á‹ˆáˆ® á‹¨áˆšáˆ˜áˆ‡áˆµ á‹áˆƒ á‹¨áˆšá‰€á‹˜á‰…á‹á‰ á‰µ áŠ­ááˆŒ áŠá‹á¡á¡\r\nï‚· á‹¨áˆ«á‹±á‹«á‰°áˆ­ áŠ­á‹²áŠ•á¡- á‰ áˆ«á‹´á‹«á‰°áˆ­ á‹áˆµáŒ¥ á‹«áˆ‡ á‹áˆƒ áŠ¥áŠ•á‹²á‹­áˆáˆµ áŠ¥áŠ“ á‰ áŠ áŠáˆµá‰°áŠ› áˆ™á‰€á‰µ á‹áˆƒ áŠ¥áŠ•á‹²á‹­áˆáˆŠ á‹¨áˆšá‹«á‹¯áˆ­áŒ áŠ­ááˆŒ áŠá‹á¡á¡\r\nï‚· á‹¨á‹áˆƒ á“áˆá•:- á‰ áˆ«á‹±á‹«á‰°áˆ­ á‹‰áˆµáŒ¥ á‹«áˆ‡á‹‰áŠ• á‹‰áˆƒ á‹ˆá‹¯ áˆžá‰µáˆ¨ á‹™áˆªá‹« á‰ áŒáŠá‰µ á‹¨áˆšá‹«áˆµá‰°áˆŠáˆŒá áŠ­ááˆŒ áŠá‹‰á¡á¡\r\nï‚· á‹ˆáˆ³áŒ… áˆ†á‹ /áˆ˜áˆµáˆ˜áˆ­`/:- á‰ áˆ«á‹´á‹«á‰°áˆ­ á‹áˆµáŒ¥ á‹«áˆ‡ á‹áˆƒ á‹ˆá‹¯ á‹ˆá‰°áˆ­ áŒƒáŠ¬á‰µ á‹¨áˆšá‰°áˆŠáˆ‡áá‰ á‰µ áŠ¨á‰³á‰½ á‹«áˆ‡ áˆ†á‹ áŠá‹á¡á¡\r\nï‚· á‰¬áŠ•á‰µáˆ‹á‰°áˆ­á¡- áŠ¨á‹áŒ­ á‹ˆá‹¯ áˆžá‰°áˆ­ á‹™áˆªá‹« áŠ á‹¨áˆ­áŠ• á‰ áˆ˜á‰…á‹˜á á‰ á‰€áŒ¥á‰³ á‹¨áˆ«á‹±á‹«á‰°áˆ©áŠ•áŠ“ á‰ á‰°áˆ˜áˆ³áˆ³á‹­ á‹¨áˆžá‰°áˆ©áŠ• á‹™áˆªá‹« á‹¨áˆšá‹«á‰€á‹˜á‰…á‹ áŠ­ááˆŒ áŠá‹á¡á¡ á‰¬áŠ•á‰µáˆ‹á‰°áˆ­ áŠ¥áŠ•á‹¯áˆžá‰°áˆ© áˆžá‹³áˆŒ á‰ áˆ˜áŠ«áŠ’áŠ«áˆŒáŠ“ á‰ áŠ¤áˆ‹áŠ­á‰µáˆªáŠ­ áˆƒá‹­áˆŒ áˆ‰áˆ°áˆ« á‹­á‰½áˆŠáˆŒá¡á¡\r\nï‚· áˆ˜áˆŠáˆ½ áˆ†á‹:- áŠ¨áˆžá‰°áˆ­ á‹™áˆªá‹« á‹¨áˆžá‰€ á‹áˆƒ á‹ˆá‹¯ áˆ«á‹±á‹«á‰°áˆ­ á‹¨áˆšáˆ˜áˆ‡áˆµá‰ á‰µ á‰±á‰¦ áŠá‹á¡á¡\r\nï‚· áŠ¤áŠ­áˆ°á“áŠ•áˆ½áŠ• á‰³áŠ•áŠ­á¡- á‹¨áˆ«á‹±á‹«á‰°áˆ­ áŠ­á‹²áŠ“á‰¸á‹ á‰ áˆ›á‹­áŠ¨áˆá‰±á‰£á‰¸á‹ á‹¨á‰°áˆ½áŠ¨áˆ­áŠ«áˆª á‹“á‹­áŠá‰¶á‰½ áˆŠá‹­ á‰µáˆ­á á‹áˆƒ áˆ˜á‹«á‹£ áŠ¥áŠ“ áˆžá‰°áˆ­ á‰ áˆžá‰€ áŒŠá‹œ á‰ á‰µáŠá‰µ áˆ˜áˆŒáŠ­ á‹¨áˆšá‹ˆáŒ£ á‹áˆƒ á‹¨áˆšáŒ áˆ«á‰€áˆá‰ á‰µ áŠ­ááˆŒ áŠá‹á¡á¡ á‰ á‰µáŠá‰µ áˆ˜áˆŒáŠ­ á‹¨áˆšá‰£áŠ­áŠá‹áŠ• á‹áˆƒ á‰ áˆ›áŒ áˆ«á‰€áˆ áˆ«á‹±á‹«á‰°áˆ­ á‹áˆµáŒ¥ á‹«áˆ‡á‹áŠ• á‹áˆƒ á‰¶áˆ áŠ¥áŠ•á‹²á‹­áŒŽá‹´áˆŒ á‹­áŠ¨áˆŠáŠ¨áˆŠáˆŒ\r\nï‚· áˆ¸áˆ«á‹á‹´á¡- á‰¬áŠ•á‰µáˆ‹á‰°áˆ© á‹¨á‰€á‹˜áˆá‹ áŠ á‹¨áˆ­ á‹ˆá‹¯ á‰°áˆ‡á‹«á‹¨ áŠ á‰…áŒ£áŒ« áŠ¥áŠ•á‹²á‹­á‰ á‰°áŠ• á‰ áˆ›á‹´áˆ¨áŒ áˆ‡áˆžá‰°áˆ© á‰ áŠ¨áá‰°áŠ› áˆáŠ”á‰³ á‹¨áˆ›á‰€á‹á‰€á‹£ áŒ á‰€áˆœá‰³ á‹­áˆ°áŒ£áˆŒ');

-- --------------------------------------------------------

--
-- Table structure for table `questions`
--

CREATE TABLE `questions` (
  `question_number` int(11) NOT NULL,
  `text` text CHARACTER SET utf8 NOT NULL
) ENGINE=InnoDB DEFAULT CHARSET=armscii8;

--
-- Dumping data for table `questions`
--

INSERT INTO `questions` (`question_number`, `text`) VALUES
(1, ' 	á‹¨áˆšáˆ áˆ« áˆžá‰°áˆ­ áŠá‹³áŒ… áŠ¨áŠá‹³áŒ… áŒ‹áŠ• (áˆµáˆá‰£á‰µá‹®) á‹ˆá‹° áŠ«áˆ­á‰¡áˆ¬á‰°áˆ­ áŠ¥áŠ•á‹²á‰°áˆ‹áˆˆá á‹¨áˆšá‹«á‹°áˆ­áŒˆá‹‰ áˆáŠ•á‹µáŠá‹ ?'),
(2, ' 	áŠ áŠ•á‹µ áˆžá‰°áˆ­ áŠƒá‹­áˆ áˆˆáˆ›áˆ˜áŠ•áŒ¨á‰µ á‹¨áˆšáŒ á‰€áˆ˜á‹áŠ• áŠá‹³áŒ… áˆ›áŠ¨áˆ›á‰¸á‰µ á‹ˆá‹­áˆ áˆ›áŒ áˆ«á‰€áˆšá‹« --------------------á‹­á‰£áˆ‹áˆ'),
(3, ' 	á‰ áŠ áŠ•á‹µ á‹¨á‰¤áŠ•á‹šáŠ• áˆžá‰°áˆ­ áˆ‹á‹­ á‹¨áŠá‹³áŒ… áŠ¥áŠ“ á‹¨áŠ á‹¨áˆ­ á‹µá‰¥áˆá‰… áˆ›áˆ˜áŒ£áŒ áŠ• á‹¨áˆšáŠ¨áŠ“á‹ˆáŠá‹ á‰ á‰µáŠ›á‹ áŠ­ááˆ áŠá‹?'),
(4, ' 	á‰ áˆžá‰°áˆ­ áŠ áŠ«á‰£á‰¢ áˆŠáˆ°áˆ› á‹¨áˆšá‰½áˆáŠ• á‹¨áˆ›á‹­áˆáˆˆáŒ á‹µáˆáŒ½áŠ•áŠ“ á‰ áŠ«áˆ­á‰¡áˆ¬á‰°áˆ­ á‰ áŠ©áˆ á‹¨áˆšáˆ˜áŒ£áŠ• áŠ¥áˆ³á‰µ áŠ ááŠ– á‹¨áˆšá‹«áˆµá‰€áˆ­ áŠ­ááˆ?\r\n'),
(5, ' 	á‰ áŠ«áˆ­á‰¡áˆ¬á‰°áˆ­ áˆ‹á‹­ á‹¨áˆáŠ•áŒ á‰€áˆ˜á‹ á‹¨áŠ á‹¨áˆ­ áˆ›áŒ£áˆªá‹« á‹“á‹­áŠá‰µ?\r\n    	\r\n	  \r\n');

-- --------------------------------------------------------

--
-- Table structure for table `result`
--

CREATE TABLE `result` (
  `username` varchar(300) NOT NULL,
  `score` int(30) NOT NULL
) ENGINE=InnoDB DEFAULT CHARSET=armscii8;

--
-- Dumping data for table `result`
--

INSERT INTO `result` (`username`, `score`) VALUES
('', 3),
('', 1),
('bre', 2),
('bre', 3),
('bre', 0),
('', 3),
('bre', 0),
('bre', 2),
('bre', 4),
('bre', 3),
('bre', 3),
('bre', 3),
('bre', 2),
('bre', 3),
('bre', 0),
('red', 4),
('redait', 1),
('redait', 0),
('redait', 0),
('redait', 0),
('redait', 1),
('redait', 4),
('redait', 3),
('redait', 3),
('redait', 1),
('redait', 3),
('redait', 1),
('redait', 1),
('redait', 2);

-- --------------------------------------------------------

--
-- Table structure for table `user`
--

CREATE TABLE `user` (
  `id` int(11) NOT NULL,
  `username` varchar(30) NOT NULL,
  `email` varchar(30) NOT NULL,
  `password` varchar(30) NOT NULL,
  `registration_date` datetime NOT NULL
) ENGINE=InnoDB DEFAULT CHARSET=armscii8;

--
-- Dumping data for table `user`
--

INSERT INTO `user` (`id`, `username`, `email`, `password`, `registration_date`) VALUES
(10, 'redait', 'redaitth@gmail.com', '321', '0000-00-00 00:00:00'),
(50, 'red', '0902124545', '202cb962ac59075b964b07152d234b', '2022-08-18 10:42:44'),
(51, 'abebe', '0956554544', '202cb962ac59075b964b07152d234b', '2022-08-18 10:48:44');

--
-- Indexes for dumped tables
--

--
-- Indexes for table `choices`
--
ALTER TABLE `choices`
  ADD PRIMARY KEY (`id`);

--
-- Indexes for table `questions`
--
ALTER TABLE `questions`
  ADD PRIMARY KEY (`question_number`);

--
-- Indexes for table `user`
--
ALTER TABLE `user`
  ADD PRIMARY KEY (`id`);

--
-- AUTO_INCREMENT for dumped tables
--

--
-- AUTO_INCREMENT for table `choices`
--
ALTER TABLE `choices`
  MODIFY `id` int(11) NOT NULL AUTO_INCREMENT, AUTO_INCREMENT=49;

--
-- AUTO_INCREMENT for table `user`
--
ALTER TABLE `user`
  MODIFY `id` int(11) NOT NULL AUTO_INCREMENT, AUTO_INCREMENT=52;
COMMIT;

/*!40101 SET CHARACTER_SET_CLIENT=@OLD_CHARACTER_SET_CLIENT */;
/*!40101 SET CHARACTER_SET_RESULTS=@OLD_CHARACTER_SET_RESULTS */;
/*!40101 SET COLLATION_CONNECTION=@OLD_COLLATION_CONNECTION */;
